Movie Title,Runtime,Genre,Award Wins,Award Nominations,Box Office
Movie Title,Runtime,Genre,Award Wins,Award Nominations,Box Office
Movie Title,Runtime,Genre,Award Wins,Award Nominations,Box Office
Movie Title,Runtime,Genre,Award Wins,Award Nominations,Box Office
Movie Title,Runtime,Genre,Award Wins,Award Nominations,Box Office
Movie Title,Runtime,Genre,Award Wins,Award Nominations,Box Office
Movie Title,Runtime,Genre,Award Wins,Award Nominations,Box Office
Movie Title,Runtime,Genre,Award Wins,Award Nominations,Box Office
Movie Title,Runtime,Genre,Award Wins,Award Nominations,Box Office
Movie Title,Runtime,Genre,Award Wins,Award Nominations,Box Office
Movie Title,Runtime,Genre,Award Wins,Award Nominations,Box Office
Movie Title,Runtime,Genre,Award Wins,Award Nominations,Box Office
Movie Title,Runtime,Genre,Award Wins,Award Nominations,Box Office
Movie Title,Runtime,Genre,Award Wins,Award Nominations,Box Office
Movie Title,Runtime,Genre,Award Wins,Award Nominations,Box Office
Movie Title,Runtime,Genre,Award Wins,Award Nominations,Box Office
Movie Title,Runtime,Genre,Award Wins,Award Nominations,Box Office
Movie Title,Runtime,Genre,Award Wins,Award Nominations,Box Office
Movie Title,Runtime,Genre,Award Wins,Award Nominations,Box Office
Movie Title,Runtime,Genre,Award Wins,Award Nominations,Box Office
Movie Title,Runtime,Genre,Award Wins,Award Nominations,Box Office
Movie Title,Runtime,Genre,Award Wins,Award Nominations,Box Office
Movie Title,Runtime,Genre,Award Wins,Award Nominations,Box Office
Movie Title,Runtime,Genre,Award Wins,Award Nominations,Box Office
Movie Title,Runtime,Genre,Award Wins,Award Nominations,Box Office
Movie Title,Runtime,Genre,Award Wins,Award Nominations,Box Office
Movie Title,Runtime,Genre,Award Wins,Award Nominations,Box Office
Movie Title,Runtime,Genre,Award Wins,Award Nominations,Box Office
Movie Title,Runtime,Genre,Award Wins,Award Nominations,Box Office
Movie Title,Runtime,Genre,Award Wins,Award Nominations,Box Office
Movie Title,Runtime,Genre,Award Wins,Award Nominations,Box Office
Movie Title,Runtime,Genre,Award Wins,Award Nominations,Box Office
Movie Title,Runtime,Genre,Award Wins,Award Nominations,Box Office
Movie Title,Runtime,Genre,Award Wins,Award Nominations,Box Office
Movie Title,Runtime,Genre,Award Wins,Award Nominations,Box Office
Movie Title,Runtime,Genre,Award Wins,Award Nominations,Box Office
Movie Title,Runtime,Genre,Award Wins,Award Nominations,Box Office
Movie Title,Runtime,Genre,Award Wins,Award Nominations,Box Office
Movie Title,Runtime,Genre,Award Wins,Award Nominations,Box Office
Movie Title,Runtime,Genre,Award Wins,Award Nominations,Box Office
Movie Title,Runtime,Genre,Award Wins,Award Nominations,Box Office
Movie Title,Runtime,Genre,Award Wins,Award Nominations,Box Office
Movie Title,Runtime,Genre,Award Wins,Award Nominations,Box Office
Movie Title,Runtime,Genre,Award Wins,Award Nominations,Box Office
Movie Title,Runtime,Genre,Award Wins,Award Nominations,Box Office
Movie Title,Runtime,Genre,Award Wins,Award Nominations,Box Office
Movie Title,Runtime,Genre,Award Wins,Award Nominations,Box Office
Movie Title,Runtime,Genre,Award Wins,Award Nominations,Box Office
Movie Title,Runtime,Genre,Award Wins,Award Nominations,Box Office
Movie Title,Runtime,Genre,Award Wins,Award Nominations,Box Office
